ES Absolute,ES Diff from Mean
0.07416650221768563,0.12040089472417562
