Stock,VaR95,ES95,VaR95_Pct,ES95_Pct
A,95.03202521825706,118.33299315858515,0.04751601260912853,0.05916649657929258
B,108.36406351581344,150.6681392502023,0.036121354505271146,0.05022271308340077
Total,152.36274882899292,198.99190952042449,0.030472549765798582,0.0397983819040849
