ES Absolute,ES Diff from Mean
0.07523208731289766,0.12117246736025179
