ID,Value,Delta,Gamma,Vega,Rho,Theta
1,3.2593473629162446,0.5478487068513171,0.05532633064339956,14.651751270178258,-0.4464859402197873,13.014426924329301
2,2.692774912299483,-0.47067581024173855,0.05721003186599402,14.611960890364982,-0.25373050775989725,8.93970971389546
3,22.050265969030416,0.6763702006580274,0.010698151656519094,35.904756017224315,-22.8986129187092,7.2801441932668345
4,21.01923278329123,-0.48995195014533977,0.0026538705322265185,40.75957335007985,-14.102684328065605,5.956510951143911
