Value,F1,F2,F3,Alpha,Portfolio
TotalReturn,0.07993902853336077,0.02671083578339095,-0.01631718718235553,0.046443038193576536,0.10532667972875132
Return Attribution,0.06517280614688015,0.00017358190287438058,-0.007578621692838608,0.04755891337183541,0.10532667972875132
Vol Attribution,0.0050127960846552775,-9.192566178651665e-06,0.0017847245024119611,0.0054451865302297545,0.01223351455111834
