Value,x1,x2,x3,Portfolio
TotalReturn,-0.22144565076766232,-0.01600753058430482,0.30146696284176855,0.08109828007372433
Return Attribution,-0.06551252231430588,-0.002219805321367272,0.14883060770939766,0.08109828007372433
Vol Attribution,-0.0006202226315012737,0.002827104435466037,0.012579817544960908,0.014786699348925651
